Posição Atual do Ativo,Código da Operação,Última Média Rápida,Última Média Lenta,Última Volatilidade,Média da Volatilidade,Diferença Atual,Último RSI,Média Recente dos Gradientes Rápidos,Média Necessária para Tendência de Alta,Gradiente Rápido Máximo para Sair da Tendência,Gradiente Rápido,Direção do Gradiente Rápido,Gradiente Lento,Direção do Gradiente Lento,Porcentagem de Crescimento do Gradiente Rápido,Porcentagem de Decremento do Gradiente Rápido,MACD,Linha de Sinal,Histograma do MACD,Taxa de Crescimento do Histograma do MACD,Sinal de Compra,Sinal de Venda
Vendido,SOLUSDT,212.359,211.905,1.866,2.746,0.453,55.99,0.158,0.423,0.587,0.677,Subindo,0.077,Subindo,1.499,0.0,0.95938,0.1504,0.80898,-0.245,False,False
Vendido,SOLUSDT,212.313,211.897,1.861,2.746,0.416,49.204,0.149,0.423,0.597,0.631,Descendo,0.069,Descendo,0.0,6.751,0.93229,0.14548,0.78682,-0.266,False,False
Vendido,SOLUSDT,212.366,211.906,1.866,2.746,0.459,57.224,0.16,0.423,0.551,0.684,Subindo,0.078,Subindo,8.371,0.0,0.97604,0.15343,0.82261,-0.232,False,False
Vendido,SOLUSDT,212.363,211.906,1.866,2.746,0.457,56.724,0.159,0.423,0.604,0.681,Descendo,0.078,Descendo,0.0,0.418,0.97396,0.15305,0.82091,-0.234,False,False
Vendido,SOLUSDT,212.7,212.01,1.789,2.691,0.69,56.705,0.084,0.425,0.601,0.381,Descendo,0.112,Subindo,0.0,44.025,0.84724,0.26997,0.57727,-0.25,False,False
Vendido,SOLUSDT,212.633,211.998,1.784,2.691,0.634,44.793,0.059,0.425,0.301,0.314,Descendo,0.1,Descendo,0.0,17.603,0.73474,0.24952,0.48523,-0.37,False,False
Vendido,SOLUSDT,212.701,212.01,1.789,2.691,0.691,56.92,0.082,0.425,0.234,0.383,Subindo,0.112,Subindo,21.818,0.0,0.84308,0.26921,0.57386,-0.255,False,False
Vendido,SOLUSDT,212.687,212.008,1.788,2.691,0.679,54.668,0.078,0.425,0.303,0.369,Descendo,0.11,Descendo,0.0,3.731,0.81183,0.26353,0.5483,-0.288,False,False
Vendido,SOLUSDT,212.697,212.01,1.789,2.691,0.687,56.268,0.082,0.425,0.289,0.379,Subindo,0.111,Subindo,2.713,0.0,0.84516,0.26959,0.57557,-0.252,False,False
Vendido,SOLUSDT,212.657,212.003,1.785,2.691,0.654,49.111,0.074,0.425,0.299,0.339,Descendo,0.105,Descendo,0.0,10.566,0.82224,0.26543,0.55682,-0.277,False,False
Vendido,SOLUSDT,212.704,212.011,1.789,2.691,0.693,57.343,0.086,0.425,0.259,0.386,Subindo,0.113,Subindo,13.924,0.0,0.86391,0.273,0.59091,-0.232,False,False
Vendido,SOLUSDT,212.744,212.018,1.794,2.691,0.726,62.506,0.1,0.425,0.306,0.426,Subindo,0.12,Subindo,10.37,0.0,0.92224,0.28361,0.63864,-0.17,False,False
Vendido,SOLUSDT,212.751,212.019,1.795,2.691,0.732,63.3,0.099,0.425,0.346,0.433,Subindo,0.121,Subindo,1.678,0.0,0.92224,0.28361,0.63864,-0.17,False,False
Vendido,SOLUSDT,212.749,212.019,1.795,2.691,0.73,62.986,0.1,0.425,0.353,0.43,Descendo,0.12,Descendo,0.0,0.66,0.91183,0.28171,0.63011,-0.181,False,False
Vendido,SOLUSDT,212.771,212.023,1.798,2.691,0.749,65.352,0.107,0.425,0.35,0.453,Subindo,0.124,Subindo,5.316,0.0,0.95558,0.28967,0.66591,-0.135,False,False
Vendido,SOLUSDT,212.776,212.024,1.799,2.691,0.752,65.762,0.113,0.425,0.373,0.457,Subindo,0.125,Subindo,0.946,0.0,0.97641,0.29346,0.68296,-0.113,False,False
Vendido,SOLUSDT,212.799,212.028,1.802,2.691,0.771,67.796,0.112,0.425,0.377,0.48,Subindo,0.129,Subindo,5.0,0.0,0.97224,0.2927,0.67955,-0.117,False,False
Vendido,SOLUSDT,213.077,212.113,1.741,2.638,0.964,51.418,0.034,0.425,0.4,0.336,Descendo,0.095,Descendo,0.0,30.06,0.78143,0.37288,0.40855,-0.353,False,False
Vendido,SOLUSDT,213.04,212.106,1.738,2.638,0.934,45.079,0.026,0.425,0.256,0.299,Descendo,0.089,Descendo,0.0,11.064,0.73768,0.36493,0.37275,-0.41,False,False
Vendido,SOLUSDT,213.027,212.104,1.737,2.638,0.923,43.234,0.023,0.425,0.219,0.286,Descendo,0.087,Descendo,0.0,4.306,0.73768,0.36493,0.37275,-0.41,False,False
Vendido,SOLUSDT,212.987,212.097,1.735,2.638,0.89,38.35,0.005,0.425,0.206,0.246,Descendo,0.08,Descendo,0.0,14.0,0.65851,0.35053,0.30798,-0.513,False,False
Vendido,SOLUSDT,212.924,212.086,1.735,2.638,0.838,32.569,-0.016,0.425,0.166,0.183,Descendo,0.069,Descendo,0.0,25.581,0.57309,0.335,0.23809,-0.623,False,False
Vendido,SOLUSDT,212.889,212.122,1.709,2.587,0.767,27.366,-0.24,0.426,0.103,-0.036,Descendo,0.036,Descendo,0.0,119.531,0.27706,0.32664,-0.04958,-1.198,False,True
Vendido,SOLUSDT,212.93,212.129,1.707,2.587,0.801,31.283,-0.224,0.426,-0.116,0.006,Subindo,0.043,Subindo,116.0,0.0,0.35622,0.34103,0.01519,-0.939,False,False
Vendido,SOLUSDT,212.859,212.116,1.711,2.587,0.742,25.091,-0.248,0.426,-0.074,-0.066,Descendo,0.03,Descendo,0.0,1250.0,0.24372,0.32057,-0.07685,-1.307,False,True
Vendido,SOLUSDT,212.559,212.104,1.731,2.54,0.455,52.499,-0.488,0.425,-0.146,-0.12,Descendo,0.019,Descendo,0.0,82.609,0.00984,0.22627,-0.21643,-0.24,False,False
Vendido,SOLUSDT,212.54,212.101,1.731,2.54,0.439,51.061,-0.492,0.425,-0.2,-0.139,Descendo,0.016,Descendo,0.0,15.476,0.014,0.22702,-0.21302,-0.252,False,False
Vendido,SOLUSDT,212.509,212.095,1.732,2.54,0.413,48.418,-0.499,0.425,-0.219,-0.17,Descendo,0.011,Descendo,0.0,22.68,-0.00475,0.22362,-0.22836,-0.198,False,False
Vendido,SOLUSDT,212.489,212.092,1.733,2.54,0.397,46.582,-0.507,0.425,-0.25,-0.19,Descendo,0.007,Descendo,0.0,11.765,-0.04433,0.21642,-0.26075,-0.084,False,False
Vendido,SOLUSDT,212.507,212.095,1.732,2.54,0.412,48.291,-0.507,0.425,-0.27,-0.171,Subindo,0.01,Subindo,9.774,0.0,-0.05683,0.21415,-0.27098,-0.049,False,False
Vendido,SOLUSDT,211.933,212.036,1.755,2.497,-0.103,34.717,-0.75,0.425,-0.251,-0.451,Descendo,-0.038,Descendo,0.0,163.333,-0.2955,0.09762,-0.39312,-0.023,False,False
Vendido,SOLUSDT,212.054,212.057,1.744,2.497,-0.003,53.239,-0.714,0.425,-0.531,-0.33,Subindo,-0.016,Subindo,26.899,0.0,-0.14966,0.12414,-0.2738,-0.319,False,False
Vendido,SOLUSDT,211.73,212.01,1.735,2.456,-0.28,41.744,-0.741,0.424,-0.41,-0.386,Descendo,-0.057,Descendo,0.0,16.883,-0.15131,0.08738,-0.23869,0.19,False,False
Vendido,SOLUSDT,211.651,211.997,1.745,2.456,-0.345,35.677,-0.769,0.424,-0.466,-0.464,Descendo,-0.071,Descendo,0.0,20.37,-0.30965,0.05859,-0.36824,0.837,False,False
Vendido,SOLUSDT,211.593,211.986,1.754,2.457,-0.394,32.189,-0.781,0.424,-0.544,-0.523,Descendo,-0.082,Descendo,0.0,12.615,-0.3409,0.05291,-0.39381,0.964,False,False
Vendido,SOLUSDT,210.989,211.855,1.802,2.419,-0.866,26.042,-0.893,0.423,-0.603,-0.501,Subindo,-0.113,Descendo,4.098,0.0,-0.80291,-0.12842,-0.6745,0.26,False,False
Vendido,SOLUSDT,210.99,211.855,1.802,2.419,-0.865,26.118,-0.878,0.423,-0.581,-0.5,Subindo,-0.113,Subindo,0.285,0.0,-0.73208,-0.11554,-0.61654,0.152,False,False
Vendido,SOLUSDT,211.037,211.864,1.79,2.418,-0.826,30.85,-0.873,0.423,-0.58,-0.453,Subindo,-0.105,Subindo,9.429,0.0,-0.73416,-0.11592,-0.61825,0.155,False,False
Vendido,SOLUSDT,210.009,211.694,1.962,2.387,-1.685,15.408,-1.118,0.422,-0.533,-0.851,Descendo,-0.139,Descendo,0.0,88.013,-1.3789,-0.38243,-0.99647,0.214,False,False
Vendido,SOLUSDT,209.99,211.69,1.969,2.388,-1.701,14.911,-1.137,0.422,-0.931,-0.87,Descendo,-0.142,Descendo,0.0,2.181,-1.47473,-0.39986,-1.07488,0.309,False,False
Vendido,SOLUSDT,209.974,211.688,1.975,2.388,-1.713,14.514,-1.139,0.422,-0.95,-0.886,Descendo,-0.145,Descendo,0.0,1.806,-1.50598,-0.40554,-1.10045,0.34,False,False
Vendido,SOLUSDT,210.004,211.693,1.963,2.387,-1.689,15.291,-1.123,0.422,-0.966,-0.856,Subindo,-0.139,Subindo,3.387,0.0,-1.40807,-0.38773,-1.02033,0.243,False,False
Vendido,SOLUSDT,210.023,211.696,1.956,2.387,-1.673,15.815,-1.109,0.422,-0.936,-0.837,Subindo,-0.136,Subindo,2.17,0.0,-1.3539,-0.37789,-0.97602,0.189,False,False
Vendido,SOLUSDT,209.93,211.68,1.994,2.388,-1.75,13.501,-1.143,0.422,-0.917,-0.93,Descendo,-0.152,Descendo,0.0,11.092,-1.50598,-0.40554,-1.10045,0.34,False,False
Vendido,SOLUSDT,209.927,211.68,1.996,2.388,-1.752,13.441,-1.158,0.422,-1.01,-0.933,Descendo,-0.153,Descendo,0.0,0.307,-1.5914,-0.42107,-1.17033,0.425,False,False
Vendido,SOLUSDT,209.29,211.542,2.09,2.36,-2.252,13.089,-1.155,0.42,-1.013,-0.719,Subindo,-0.152,Subindo,22.971,0.0,-1.71299,-0.63055,-1.08244,0.05,False,False
Vendido,SOLUSDT,209.233,211.532,2.113,2.361,-2.299,11.574,-1.175,0.42,-0.799,-0.776,Descendo,-0.162,Descendo,0.0,7.952,-1.80674,-0.6476,-1.15915,0.125,False,False
Vendido,SOLUSDT,209.31,211.545,2.082,2.36,-2.235,13.718,-1.143,0.42,-0.856,-0.699,Subindo,-0.149,Subindo,9.945,0.0,-1.71299,-0.63055,-1.08244,0.05,False,False
Vendido,SOLUSDT,209.309,211.545,2.083,2.36,-2.236,13.671,-1.138,0.42,-0.779,-0.7,Descendo,-0.149,Descendo,0.0,0.204,-1.66299,-0.62146,-1.04154,0.011,False,False
Vendido,SOLUSDT,209.269,211.538,2.099,2.36,-2.269,12.477,-1.164,0.42,-0.78,-0.74,Descendo,-0.156,Descendo,0.0,5.714,-1.74424,-0.63623,-1.10801,0.075,False,False
Vendido,SOLUSDT,209.204,211.527,2.126,2.361,-2.322,10.941,-1.181,0.42,-0.82,-0.804,Descendo,-0.167,Descendo,0.0,8.687,-1.83383,-0.65252,-1.18131,0.146,False,False
Vendido,SOLUSDT,208.79,211.377,2.212,2.338,-2.587,19.076,-1.104,0.419,-0.884,-0.464,Subindo,-0.159,Subindo,42.274,0.0,-1.82583,-0.85562,-0.97021,-0.138,False,False
Vendido,SOLUSDT,208.826,211.383,2.2,2.338,-2.557,26.727,-1.098,0.419,-0.544,-0.429,Subindo,-0.152,Subindo,7.692,0.0,-1.80916,-0.85259,-0.95657,-0.15,False,False
Vendido,SOLUSDT,208.349,211.28,2.287,2.32,-2.931,29.189,-0.973,0.418,-0.509,-0.549,Descendo,-0.116,Subindo,0.0,28.0,-1.73606,-0.99649,-0.73957,-0.145,False,False
Vendido,SOLUSDT,208.116,211.239,2.379,2.322,-3.124,18.341,-1.05,0.418,-0.629,-0.781,Descendo,-0.156,Descendo,0.0,42.448,-2.07356,-1.05785,-1.01571,0.175,False,False
Vendido,SOLUSDT,205.323,210.624,3.158,2.316,-5.301,8.071,-1.349,0.412,-0.861,-0.803,Descendo,-0.213,Descendo,0.0,2.742,-2.93273,-1.80615,-1.12658,-0.036,False,False
Vendido,SOLUSDT,205.267,210.614,3.184,2.316,-5.347,7.129,-1.363,0.412,-0.883,-0.859,Descendo,-0.223,Descendo,0.0,6.939,-2.99315,-1.81714,-1.17601,0.007,False,False
Vendido,SOLUSDT,204.433,210.335,3.472,2.33,-5.902,5.45,-1.282,0.411,-0.939,-0.82,Subindo,-0.277,Descendo,4.493,0.0,-3.2029,-2.07033,-1.13257,-0.042,False,False
Vendido,SOLUSDT,204.386,210.326,3.493,2.33,-5.941,4.896,-1.282,0.411,-0.9,-0.867,Descendo,-0.286,Descendo,0.0,5.749,-3.19248,-2.06844,-1.12404,-0.05,False,False
Vendido,SOLUSDT,204.381,210.326,3.495,2.33,-5.944,4.851,-1.283,0.411,-0.947,-0.871,Descendo,-0.286,Descendo,0.0,0.494,-3.2154,-2.07261,-1.14279,-0.034,False,False
Vendido,SOLUSDT,204.407,210.33,3.483,2.33,-5.923,5.133,-1.281,0.411,-0.951,-0.846,Subindo,-0.282,Subindo,2.951,0.0,-3.19665,-2.0692,-1.12745,-0.047,False,False
Vendido,SOLUSDT,204.769,210.394,3.338,2.326,-5.625,46.923,-1.155,0.411,-0.926,-0.484,Subindo,-0.219,Subindo,42.736,0.0,-2.63623,-1.9673,-0.66893,-0.434,False,False
Vendido,SOLUSDT,204.759,210.392,3.341,2.326,-5.633,45.984,-1.163,0.411,-0.564,-0.494,Descendo,-0.22,Descendo,0.0,2.065,-2.64873,-1.96958,-0.67916,-0.426,False,False
Vendido,SOLUSDT,204.726,210.386,3.353,2.327,-5.66,42.649,-1.177,0.411,-0.574,-0.527,Descendo,-0.226,Descendo,0.0,6.647,-2.7529,-1.98852,-0.76438,-0.354,False,False
Vendido,SOLUSDT,204.361,210.115,3.412,2.339,-5.754,44.308,-1.02,0.41,-0.607,-0.406,Subindo,-0.278,Descendo,23.035,0.0,-2.5162,-2.07361,-0.44258,-0.372,False,False
Vendido,SOLUSDT,204.287,210.102,3.437,2.34,-5.815,37.425,-1.029,0.41,-0.486,-0.48,Descendo,-0.291,Descendo,0.0,18.31,-2.5662,-2.0827,-0.48349,-0.314,False,False
Vendido,SOLUSDT,204.0,210.052,3.552,2.342,-6.052,23.383,-1.112,0.41,-0.56,-0.767,Descendo,-0.342,Descendo,0.0,59.821,-2.90786,-2.14482,-0.76304,0.083,False,False
Vendido,SOLUSDT,203.976,210.047,3.563,2.343,-6.072,22.663,-1.123,0.41,-0.847,-0.791,Descendo,-0.346,Descendo,0.0,3.166,-2.97036,-2.15619,-0.81417,0.155,False,False
Vendido,SOLUSDT,203.846,210.025,3.624,2.344,-6.179,19.459,-1.171,0.41,-0.871,-0.921,Descendo,-0.369,Descendo,0.0,16.426,-3.18911,-2.19596,-0.99315,0.409,False,False
Vendido,SOLUSDT,202.361,209.575,4.041,2.375,-7.213,15.547,-1.375,0.407,-1.001,-1.279,Descendo,-0.414,Descendo,0.0,38.76,-3.84593,-2.53686,-1.30907,0.075,False,False
Vendido,SOLUSDT,202.454,209.591,3.997,2.374,-7.137,23.612,-1.345,0.407,-1.359,-1.186,Subindo,-0.398,Subindo,7.263,0.0,-3.72926,-2.51565,-1.21361,-0.004,False,False
Vendido,SOLUSDT,202.337,209.57,4.053,2.376,-7.233,15.07,-1.373,0.407,-1.266,-1.303,Descendo,-0.418,Descendo,0.0,9.88,-3.79176,-2.52702,-1.26475,0.038,False,False
Vendido,SOLUSDT,201.009,209.111,4.494,2.417,-8.102,11.103,-1.662,0.404,-1.383,-1.213,Subindo,-0.439,Descendo,6.908,0.0,-4.28905,-2.87931,-1.40975,-0.021,False,False
Vendido,SOLUSDT,201.149,209.136,4.428,2.415,-7.987,17.065,-1.595,0.404,-1.293,-1.073,Subindo,-0.415,Subindo,11.543,0.0,-4.02864,-2.83196,-1.19668,-0.169,False,False
Vendido,SOLUSDT,201.18,209.141,4.414,2.415,-7.961,20.985,-1.61,0.404,-1.153,-1.041,Subindo,-0.409,Subindo,2.929,0.0,-4.15572,-2.85506,-1.30066,-0.097,False,False
Vendido,SOLUSDT,199.973,208.7,4.822,2.465,-8.727,10.417,-1.634,0.402,-1.121,-1.079,Descendo,-0.418,Descendo,0.0,3.567,-4.34887,-3.14154,-1.20733,-0.127,False,False
Vendido,SOLUSDT,199.773,208.665,4.915,2.467,-8.892,7.478,-1.696,0.402,-1.159,-1.279,Descendo,-0.453,Descendo,0.0,18.543,-4.62595,-3.19192,-1.43403,0.037,False,False
Vendido,SOLUSDT,199.75,208.661,4.926,2.467,-8.911,7.245,-1.703,0.402,-1.359,-1.301,Descendo,-0.457,Descendo,0.0,1.788,-4.66137,-3.19836,-1.46301,0.058,False,False
Vendido,SOLUSDT,200.093,208.721,4.77,2.463,-8.628,22.206,-1.574,0.402,-1.381,-0.959,Subindo,-0.397,Subindo,26.345,0.0,-3.97803,-3.07412,-0.90392,-0.346,False,False
Vendido,SOLUSDT,200.146,208.73,4.748,2.463,-8.585,29.524,-1.56,0.402,-1.039,-0.906,Subindo,-0.388,Subindo,5.514,0.0,-4.05095,-3.08737,-0.96358,-0.303,False,False
Vendido,SOLUSDT,200.009,208.706,4.806,2.464,-8.698,11.203,-1.598,0.402,-0.986,-1.043,Descendo,-0.412,Descendo,0.0,15.142,-4.15095,-3.10556,-1.04539,-0.244,False,False
Vendido,SOLUSDT,200.156,208.732,4.744,2.463,-8.577,30.757,-1.561,0.402,-1.123,-0.896,Subindo,-0.386,Subindo,14.11,0.0,-4.01553,-3.08094,-0.9346,-0.324,False,False
Vendido,SOLUSDT,199.779,208.384,4.822,2.511,-8.605,64.341,-1.221,0.4,-0.976,-0.376,Subindo,-0.349,Subindo,58.054,0.0,-3.26045,-3.11822,-0.14223,-0.852,False,False
Vendido,SOLUSDT,199.921,208.408,4.783,2.51,-8.487,70.11,-1.161,0.4,-0.456,-0.233,Subindo,-0.324,Subindo,38.023,0.0,-2.99795,-3.0705,0.07254,-1.076,True,False
Vendido,SOLUSDT,199.846,208.395,4.803,2.51,-8.55,67.307,-1.222,0.4,-0.313,-0.309,Descendo,-0.337,Descendo,0.0,32.515,-3.2792,-3.12163,-0.15757,-0.836,False,False
Vendido,SOLUSDT,199.771,208.382,4.824,2.511,-8.611,63.994,-1.217,0.4,-0.389,-0.383,Descendo,-0.35,Descendo,0.0,24.074,-3.2167,-3.11027,-0.10643,-0.889,False,False
Vendido,SOLUSDT,199.899,208.404,4.788,2.51,-8.506,69.315,-1.17,0.4,-0.463,-0.256,Subindo,-0.328,Subindo,33.209,0.0,-3.0667,-3.083,0.01629,-1.017,True,False
Vendido,SOLUSDT,200.01,208.424,4.761,2.509,-8.414,72.834,-1.137,0.4,-0.336,-0.144,Subindo,-0.308,Subindo,43.575,0.0,-2.89587,-3.05194,0.15607,-1.163,True,False
Vendido,SOLUSDT,200.191,208.456,4.722,2.508,-8.264,77.108,-1.072,0.4,-0.224,0.037,Subindo,-0.276,Subindo,125.743,0.0,-2.61254,-3.00042,0.38788,-1.404,True,False
Vendido,SOLUSDT,200.323,208.479,4.699,2.508,-8.156,79.451,-1.033,0.4,-0.043,0.169,Subindo,-0.253,Subindo,353.846,0.0,-2.44795,-2.9705,0.52254,-1.544,True,False
Vendido,SOLUSDT,200.766,208.27,4.645,2.551,-7.504,74.276,-0.488,0.401,0.089,0.33,Subindo,-0.229,Subindo,95.763,0.0,-1.2456,-2.63085,1.38525,1.081,False,False
Vendido,SOLUSDT,200.687,208.256,4.657,2.551,-7.569,68.951,-0.527,0.401,0.25,0.251,Descendo,-0.243,Descendo,0.0,23.81,-1.43935,-2.66607,1.22673,0.843,False,False
Vendido,SOLUSDT,200.644,208.248,4.665,2.551,-7.604,66.356,-0.532,0.401,0.171,0.209,Descendo,-0.25,Descendo,0.0,17.045,-1.3956,-2.65812,1.26252,0.896,False,False
Vendido,SOLUSDT,200.684,208.256,4.658,2.551,-7.571,68.772,-0.526,0.401,0.129,0.249,Subindo,-0.243,Subindo,19.178,0.0,-1.3956,-2.65812,1.26252,0.896,False,False
Vendido,SOLUSDT,200.59,208.02,4.663,2.596,-7.43,66.335,-0.249,0.401,0.169,-0.03,Descendo,-0.224,Subindo,0.0,112.069,-0.87609,-2.34682,1.47073,0.233,False,False
Vendido,SOLUSDT,200.673,208.034,4.651,2.596,-7.362,69.47,-0.232,0.401,-0.11,0.053,Subindo,-0.21,Subindo,276.19,0.0,-0.84692,-2.34152,1.49459,0.253,False,False
Vendido,SOLUSDT,200.69,208.038,4.648,2.595,-7.347,70.047,-0.223,0.401,-0.027,0.07,Subindo,-0.207,Subindo,32.432,0.0,-0.74067,-2.3222,1.58153,0.326,False,False
Comprado,SOLUSDT,200.839,208.063,4.631,2.595,-7.225,74.264,-0.166,0.401,-0.01,0.219,Subindo,-0.181,Subindo,212.245,0.0,-0.55109,-2.28773,1.73664,0.456,False,False
Comprado,SOLUSDT,200.713,208.041,4.645,2.595,-7.329,70.784,-0.212,0.401,0.139,0.093,Descendo,-0.203,Descendo,0.0,57.516,-0.73651,-2.32144,1.58493,0.329,False,False
Comprado,SOLUSDT,200.754,208.049,4.64,2.595,-7.294,72.03,-0.203,0.401,0.013,0.134,Subindo,-0.196,Subindo,44.615,0.0,-0.68442,-2.31197,1.62755,0.365,False,False
Comprado,SOLUSDT,200.753,208.049,4.64,2.595,-7.296,71.989,-0.202,0.401,0.054,0.133,Descendo,-0.196,Descendo,0.0,1.064,-0.67192,-2.3097,1.63778,0.373,False,False
Comprado,SOLUSDT,201.841,207.91,4.601,2.638,-6.069,75.507,0.065,0.402,0.053,0.999,Subindo,-0.154,Subindo,651.613,0.0,0.07301,-1.85726,1.93027,0.107,False,False
Comprado,SOLUSDT,201.917,207.923,4.595,2.638,-6.006,77.783,0.085,0.402,0.919,1.074,Subindo,-0.141,Subindo,7.582,0.0,0.12926,-1.84704,1.9763,0.134,False,False
Comprado,SOLUSDT,201.777,207.899,4.607,2.639,-6.122,71.201,0.044,0.402,0.994,0.934,Descendo,-0.165,Descendo,0.0,13.032,-0.04782,-1.87923,1.83141,0.05,False,False
Comprado,SOLUSDT,201.713,207.888,4.614,2.639,-6.175,65.494,0.03,0.402,0.854,0.87,Descendo,-0.177,Descendo,0.0,6.881,-0.08949,-1.88681,1.79732,0.031,False,False
Comprado,SOLUSDT,201.861,207.914,4.599,2.638,-6.052,76.153,0.074,0.402,0.79,1.019,Subindo,-0.151,Subindo,17.077,0.0,0.10843,-1.85082,1.95925,0.124,False,False
Vendido,SOLUSDT,202.537,207.666,4.608,2.684,-5.129,50.068,0.236,0.403,0.939,0.853,Descendo,-0.216,Descendo,0.0,16.269,-0.13759,-1.57838,1.44079,-0.174,False,False
Vendido,SOLUSDT,203.373,207.442,4.611,2.732,-4.069,39.311,0.437,0.405,0.773,0.804,Descendo,-0.23,Descendo,0.0,5.695,-0.25349,-1.33005,1.07656,-0.273,False,False
Vendido,SOLUSDT,204.021,207.227,4.633,2.784,-3.205,33.371,0.358,0.407,0.724,0.621,Descendo,-0.22,Subindo,0.0,22.735,-0.49986,-1.17446,0.6746,-0.388,False,False
Vendido,SOLUSDT,204.1,207.24,4.619,2.783,-3.14,40.131,0.401,0.407,0.541,0.7,Subindo,-0.206,Subindo,12.644,0.0,-0.31445,-1.14075,0.8263,-0.25,False,False
Vendido,SOLUSDT,204.23,207.263,4.599,2.783,-3.033,55.367,0.443,0.407,0.62,0.83,Subindo,-0.183,Subindo,18.571,0.0,-0.12695,-1.10666,0.97971,-0.111,False,False
Vendido,SOLUSDT,204.164,207.252,4.608,2.783,-3.087,48.58,0.419,0.407,0.75,0.764,Descendo,-0.195,Descendo,0.0,7.917,-0.17486,-1.11537,0.94051,-0.147,False,False
Vendido,SOLUSDT,204.11,207.242,4.617,2.783,-3.132,41.193,0.406,0.407,0.684,0.71,Descendo,-0.204,Descendo,0.0,7.103,-0.2832,-1.13506,0.85187,-0.227,False,False
Vendido,SOLUSDT,204.077,207.236,4.622,2.783,-3.159,37.898,0.395,0.407,0.63,0.677,Descendo,-0.21,Descendo,0.0,4.628,-0.29153,-1.13658,0.84505,-0.233,False,False
Vendido,SOLUSDT,204.054,207.232,4.626,2.783,-3.178,35.9,0.384,0.407,0.597,0.654,Descendo,-0.214,Descendo,0.0,3.376,-0.38736,-1.154,0.76664,-0.304,False,False
Vendido,SOLUSDT,203.761,207.073,4.656,2.838,-3.311,35.243,-0.022,0.408,0.574,-0.35,Descendo,-0.17,Subindo,0.0,153.493,-0.4395,-1.00953,0.57003,-0.327,False,False
Vendido,SOLUSDT,203.487,206.902,4.728,2.898,-3.415,40.338,-0.381,0.407,-0.43,-0.163,Subindo,-0.152,Subindo,53.469,0.0,-0.59015,-0.94877,0.35863,-0.26,False,False
Vendido,SOLUSDT,203.56,206.914,4.716,2.898,-3.355,50.878,-0.351,0.407,-0.243,-0.09,Subindo,-0.139,Subindo,44.737,0.0,-0.41098,-0.9162,0.50522,0.042,False,False
Vendido,SOLUSDT,203.619,206.925,4.707,2.898,-3.306,56.987,-0.331,0.407,-0.17,-0.031,Subindo,-0.129,Subindo,65.079,0.0,-0.36307,-0.90749,0.54442,0.123,False,False
Vendido,SOLUSDT,203.596,206.921,4.711,2.898,-3.325,54.793,-0.349,0.407,-0.111,-0.054,Descendo,-0.133,Descendo,0.0,72.727,-0.43598,-0.92074,0.48476,-0.0,False,False
Vendido,SOLUSDT,203.599,206.921,4.71,2.898,-3.323,55.08,-0.34,0.407,-0.134,-0.051,Subindo,-0.132,Subindo,5.263,0.0,-0.4214,-0.91809,0.49669,0.025,False,False
Vendido,SOLUSDT,203.59,206.92,4.711,2.898,-3.33,54.209,-0.344,0.407,-0.131,-0.06,Descendo,-0.133,Descendo,0.0,16.667,-0.37348,-0.90938,0.5359,0.105,False,False
Vendido,SOLUSDT,203.54,206.911,4.719,2.898,-3.371,48.374,-0.362,0.407,-0.14,-0.11,Descendo,-0.142,Descendo,0.0,83.333,-0.4964,-0.93173,0.43533,-0.102,False,False
Vendido,SOLUSDT,203.549,206.912,4.718,2.898,-3.364,49.478,-0.354,0.407,-0.19,-0.101,Subindo,-0.141,Subindo,7.792,0.0,-0.44015,-0.9215,0.48135,-0.007,False,False
Vendido,SOLUSDT,203.63,206.927,4.706,2.898,-3.297,58.006,-0.341,0.407,-0.181,-0.02,Subindo,-0.127,Subindo,80.282,0.0,-0.40473,-0.91506,0.51033,0.053,False,False
Vendido,SOLUSDT,203.58,206.918,4.713,2.898,-3.338,53.15,-0.347,0.407,-0.1,-0.07,Descendo,-0.135,Descendo,0.0,250.0,-0.42348,-0.91847,0.49499,0.021,False,False
Vendido,SOLUSDT,201.893,206.05,4.97,3.166,-4.157,14.781,-0.759,0.406,-0.336,-0.99,Descendo,-0.355,Descendo,0.0,287.151,-1.50718,-0.78448,-0.72271,-2.546,False,True
Vendido,SOLUSDT,201.533,205.854,5.007,3.239,-4.321,22.976,-0.927,0.404,-1.07,-0.654,Subindo,-0.247,Subindo,33.911,0.0,-1.73204,-0.90748,-0.82455,0.826,False,False
Vendido,SOLUSDT,201.69,205.882,4.968,3.238,-4.192,35.628,-0.847,0.404,-0.734,-0.497,Subindo,-0.219,Subindo,24.017,0.0,-1.34662,-0.83741,-0.50921,0.127,False,False
Vendido,SOLUSDT,202.309,205.779,4.859,3.306,-3.47,49.601,-0.599,0.405,-0.577,0.029,Subindo,-0.206,Subindo,105.747,0.0,-0.51499,-0.66319,0.1482,0.171,False,False
Vendido,SOLUSDT,202.019,205.728,4.908,3.308,-3.71,40.267,-0.698,0.405,-0.051,-0.261,Descendo,-0.257,Descendo,0.0,1015.0,-0.92749,-0.73819,-0.1893,-2.495,False,True
Vendido,SOLUSDT,202.209,205.761,4.874,3.307,-3.553,45.93,-0.627,0.405,-0.341,-0.071,Subindo,-0.224,Subindo,72.678,0.0,-0.65874,-0.68932,0.03059,-0.758,False,False
Vendido,SOLUSDT,202.086,205.531,4.854,3.378,-3.445,44.701,-0.435,0.404,-0.151,-0.141,Descendo,-0.234,Descendo,0.0,98.0,-0.73116,-0.6929,-0.03826,-1.725,False,True
Vendido,SOLUSDT,201.833,205.487,4.902,3.379,-3.654,35.109,-0.532,0.404,-0.221,-0.394,Descendo,-0.278,Descendo,0.0,178.788,-1.12282,-0.76411,-0.35871,-7.801,False,True
Vendido,SOLUSDT,201.156,205.127,4.947,3.454,-3.971,31.061,-0.771,0.403,-0.474,-0.53,Descendo,-0.334,Descendo,0.0,34.42,-1.62636,-0.94413,-0.68223,0.402,False,False
Vendido,SOLUSDT,201.719,205.226,4.849,3.451,-3.507,57.853,-0.574,0.403,-0.61,0.033,Subindo,-0.235,Subindo,106.199,0.0,-0.68886,-0.77367,0.08482,-1.174,True,False
Comprado,SOLUSDT,201.389,204.975,4.702,3.522,-3.586,60.713,-0.69,0.403,-0.047,-0.321,Descendo,-0.249,Descendo,0.0,1078.261,-0.4518,-0.73189,0.28009,-39.756,True,False
Comprado,SOLUSDT,201.467,204.989,4.697,3.522,-3.522,63.494,-0.656,0.403,-0.401,-0.243,Subindo,-0.235,Subindo,24.444,0.0,-0.26638,-0.69817,0.43179,-60.748,True,False
Vendido,SOLUSDT,201.49,204.71,4.478,3.587,-3.22,55.306,-0.446,0.403,-0.323,0.011,Subindo,-0.281,Descendo,104.706,0.0,-0.04139,-0.57597,0.53458,0.196,False,False
Vendido,SOLUSDT,201.379,204.69,4.488,3.587,-3.311,48.984,-0.507,0.403,-0.069,-0.1,Descendo,-0.301,Descendo,0.0,975.0,-0.19764,-0.60438,0.40674,-0.09,False,False
Vendido,SOLUSDT,201.494,204.71,4.477,3.587,-3.216,55.582,-0.457,0.403,-0.18,0.016,Subindo,-0.28,Subindo,115.714,0.0,0.01903,-0.56498,0.58401,0.306,False,False
Vendido,SOLUSDT,201.393,204.692,4.487,3.587,-3.3,49.713,-0.5,0.403,-0.064,-0.086,Descendo,-0.298,Descendo,0.0,645.455,-0.22264,-0.60892,0.38628,-0.136,False,False
Vendido,SOLUSDT,201.504,204.32,4.324,3.648,-2.816,29.702,-0.475,0.403,-0.166,0.12,Subindo,-0.371,Descendo,240.0,0.0,-0.8671,-0.65803,-0.20907,-1.558,False,True
Vendido,SOLUSDT,201.446,204.31,4.338,3.649,-2.864,28.162,-0.506,0.403,0.04,0.061,Descendo,-0.381,Descendo,0.0,48.81,-0.96293,-0.67546,-0.28747,-1.768,False,True
Vendido,SOLUSDT,201.989,204.405,4.249,3.647,-2.416,53.49,-0.306,0.403,-0.019,0.604,Subindo,-0.286,Subindo,883.721,0.0,-0.18168,-0.53341,0.35173,-0.06,False,False
Vendido,SOLUSDT,199.166,203.389,4.399,3.776,-4.223,22.126,-1.136,0.4,0.524,-1.063,Descendo,-0.48,Descendo,0.0,275.887,-2.94749,-1.26092,-1.68657,0.3,False,False
Vendido,SOLUSDT,199.374,203.426,4.325,3.774,-4.051,33.754,-1.073,0.4,-1.143,-0.854,Subindo,-0.444,Subindo,19.624,0.0,-2.62665,-1.20259,-1.42407,0.098,False,False
Vendido,SOLUSDT,199.209,203.396,4.383,3.776,-4.188,24.837,-1.119,0.4,-0.934,-1.02,Descendo,-0.473,Descendo,0.0,19.398,-2.82457,-1.23857,-1.586,0.222,False,False
Vendido,SOLUSDT,199.483,203.444,4.291,3.774,-3.962,38.532,-1.018,0.4,-1.1,-0.746,Subindo,-0.425,Subindo,26.891,0.0,-2.3704,-1.15599,-1.21441,-0.064,False,False
Vendido,SOLUSDT,199.563,203.459,4.268,3.773,-3.896,41.633,-1.003,0.4,-0.826,-0.666,Subindo,-0.411,Subindo,10.728,0.0,-2.16624,-1.11887,-1.04736,-0.193,False,False
Vendido,SOLUSDT,199.757,203.492,4.22,3.772,-3.735,48.005,-0.964,0.4,-0.746,-0.471,Subindo,-0.377,Subindo,29.185,0.0,-2.1329,-1.11281,-1.02009,-0.214,False,False
Vendido,SOLUSDT,199.88,203.514,4.195,3.771,-3.634,51.363,-0.89,0.4,-0.551,-0.349,Subindo,-0.355,Subindo,26.061,0.0,-1.73499,-1.04046,-0.69452,-0.465,False,False
Vendido,SOLUSDT,199.721,203.15,4.07,3.83,-3.429,47.374,-1.065,0.4,-0.429,-0.047,Subindo,-0.344,Subindo,86.475,0.0,-1.89947,-1.2357,-0.66377,-0.27,False,False
Vendido,SOLUSDT,199.811,203.166,4.051,3.83,-3.355,51.032,-1.036,0.4,-0.127,0.043,Subindo,-0.328,Subindo,190.909,0.0,-1.73072,-1.20501,-0.5257,-0.422,False,False
Vendido,SOLUSDT,198.507,202.744,4.14,3.892,-4.237,35.854,-0.979,0.399,-0.037,-0.947,Descendo,-0.359,Descendo,0.0,2310.0,-2.49257,-1.5135,-0.97908,0.047,False,False
Vendido,SOLUSDT,198.203,202.691,4.245,3.894,-4.488,27.934,-1.059,0.399,-1.027,-1.251,Descendo,-0.413,Descendo,0.0,32.127,-2.76132,-1.56236,-1.19896,0.283,False,False
Vendido,SOLUSDT,196.874,202.276,4.244,3.957,-5.402,33.806,-1.364,0.396,-1.331,-1.333,Descendo,-0.415,Descendo,0.0,6.507,-3.0004,-1.83436,-1.16605,-0.072,False,False
Vendido,SOLUSDT,196.447,202.202,4.413,3.961,-5.755,20.317,-1.523,0.396,-1.413,-1.76,Descendo,-0.49,Descendo,0.0,32.047,-3.65665,-1.95368,-1.70298,0.355,False,False
Vendido,SOLUSDT,196.51,202.213,4.385,3.96,-5.703,21.381,-1.467,0.396,-1.84,-1.697,Subindo,-0.479,Subindo,3.571,0.0,-3.60305,-2.21668,-1.38636,-0.076,False,False
Vendido,SOLUSDT,194.826,201.665,4.492,4.029,-6.84,15.936,-1.981,0.393,-1.777,-1.733,Descendo,-0.556,Descendo,0.0,2.104,-4.40513,-2.36252,-2.04261,0.362,False,False
Vendido,SOLUSDT,194.52,201.612,4.647,4.033,-7.092,12.403,-1.995,0.393,-1.813,-2.039,Descendo,-0.609,Descendo,0.0,17.642,-4.25305,-2.33486,-1.91818,0.279,False,False
Vendido,SOLUSDT,194.154,201.548,4.857,4.038,-7.393,9.803,-2.147,0.393,-2.119,-2.404,Descendo,-0.673,Descendo,0.0,17.94,-5.10513,-2.48979,-2.61534,0.743,False,False
Vendido,SOLUSDT,193.474,201.429,5.307,4.049,-7.954,7.053,-2.362,0.393,-2.484,-3.084,Descendo,-0.792,Descendo,0.0,28.283,-5.87805,-2.63032,-3.24773,1.165,False,False
Vendido,SOLUSDT,193.991,201.519,4.958,4.04,-7.528,8.966,-2.219,0.393,-3.164,-2.567,Subindo,-0.702,Subindo,16.767,0.0,-5.19888,-2.50683,-2.69205,0.795,False,False
Vendido,SOLUSDT,194.26,201.566,4.793,4.036,-7.306,10.435,-2.16,0.393,-2.647,-2.299,Subindo,-0.655,Subindo,10.462,0.0,-5.08013,-2.48524,-2.59489,0.73,False,False
Vendido,SOLUSDT,191.849,200.92,5.403,4.129,-9.071,9.179,-2.529,0.388,-2.379,-2.277,Subindo,-0.623,Subindo,0.932,0.0,-5.92321,-3.10878,-2.81443,0.088,False,False
Vendido,SOLUSDT,190.719,200.722,6.117,4.147,-10.003,4.806,-2.904,0.388,-2.357,-3.407,Descendo,-0.821,Descendo,0.0,49.624,-7.51279,-3.39779,-4.115,0.591,False,False
Vendido,SOLUSDT,191.294,200.822,5.731,4.137,-9.528,6.347,-2.653,0.388,-3.487,-2.831,Subindo,-0.72,Subindo,16.897,0.0,-6.45863,-3.20613,-3.2525,0.258,False,False
Vendido,SOLUSDT,191.629,200.881,5.527,4.132,-9.252,7.798,-2.604,0.388,-2.911,-2.497,Subindo,-0.662,Subindo,11.806,0.0,-6.05238,-3.13226,-2.92011,0.129,False,False
Vendido,SOLUSDT,191.863,200.922,5.396,4.129,-9.059,9.286,-2.496,0.388,-2.577,-2.263,Subindo,-0.621,Subindo,9.382,0.0,-5.89613,-3.10385,-2.79227,0.08,False,False
Vendido,SOLUSDT,192.263,200.992,5.193,4.124,-8.729,30.48,-2.358,0.388,-2.343,-1.863,Subindo,-0.551,Subindo,17.677,0.0,-5.37738,-3.00954,-2.36784,-0.084,False,False
Vendido,SOLUSDT,192.209,200.983,5.219,4.124,-8.774,27.934,-2.377,0.388,-1.943,-1.917,Descendo,-0.56,Descendo,0.0,2.914,-5.24613,-2.98567,-2.26046,-0.126,False,False
Vendido,SOLUSDT,191.76,200.527,5.341,4.209,-8.767,36.245,-2.014,0.385,-1.997,-0.71,Subindo,-0.501,Subindo,62.966,0.0,-4.90389,-3.29911,-1.60478,-0.223,False,False
Vendido,SOLUSDT,191.586,200.496,5.416,4.211,-8.911,31.786,-2.025,0.385,-0.79,-0.884,Descendo,-0.532,Descendo,0.0,24.547,-5.0893,-3.33282,-1.75648,-0.15,False,False
Vendido,SOLUSDT,191.789,200.532,5.329,4.209,-8.743,37.098,-1.976,0.385,-0.964,-0.681,Subindo,-0.496,Subindo,22.94,0.0,-4.89139,-3.29684,-1.59455,-0.228,False,False
Vendido,SOLUSDT,191.901,200.551,5.285,4.207,-8.65,41.815,-1.993,0.385,-0.761,-0.569,Subindo,-0.477,Subindo,16.562,0.0,-4.89972,-3.29835,-1.60137,-0.225,False,False
Vendido,SOLUSDT,191.691,200.515,5.37,4.21,-8.823,34.349,-1.994,0.385,-0.649,-0.779,Descendo,-0.513,Descendo,0.0,36.935,-4.91847,-3.30176,-1.61671,-0.218,False,False
Vendido,SOLUSDT,191.621,200.502,5.4,4.21,-8.881,32.608,-2.008,0.385,-0.859,-0.849,Descendo,-0.526,Descendo,0.0,8.991,-4.93514,-3.30479,-1.63035,-0.211,False,False
Vendido,SOLUSDT,191.457,200.474,5.474,4.212,-9.017,29.141,-2.045,0.385,-0.929,-1.013,Descendo,-0.554,Descendo,0.0,19.36,-5.11014,-3.33661,-1.77353,-0.142,False,False
Vendido,SOLUSDT,191.951,200.56,5.266,4.207,-8.609,44.099,-1.94,0.385,-1.093,-0.519,Subindo,-0.468,Subindo,48.801,0.0,-4.66222,-3.25517,-1.40705,-0.319,False,False
Vendido,SOLUSDT,191.741,200.523,5.349,4.209,-8.782,35.711,-1.995,0.385,-0.599,-0.729,Descendo,-0.505,Descendo,0.0,40.496,-4.89139,-3.29684,-1.59455,-0.228,False,False
Comprado,SOLUSDT,189.937,199.982,5.715,4.304,-10.045,29.141,-1.795,0.383,-1.657,-1.683,Descendo,-0.52,Descendo,0.0,6.703,-5.16788,-3.66585,-1.50204,-0.143,False,False
Comprado,SOLUSDT,189.85,199.967,5.753,4.305,-10.117,26.868,-1.791,0.383,-1.763,-1.77,Descendo,-0.536,Descendo,0.0,5.178,-5.10747,-3.65486,-1.4526,-0.171,False,False
Comprado,SOLUSDT,189.946,199.984,5.712,4.304,-10.038,29.386,-1.758,0.383,-1.85,-1.674,Subindo,-0.519,Subindo,5.408,0.0,-4.9283,-3.62229,-1.30601,-0.255,False,False
Comprado,SOLUSDT,189.866,199.969,5.746,4.305,-10.104,27.252,-1.812,0.383,-1.754,-1.754,Descendo,-0.533,Descendo,0.0,4.778,-5.18872,-3.66964,-1.51908,-0.133,False,False
Comprado,SOLUSDT,190.134,200.016,5.636,4.302,-9.882,38.486,-1.714,0.383,-1.834,-1.486,Subindo,-0.486,Subindo,15.309,0.0,-4.70747,-3.58214,-1.12533,-0.358,False,False
Vendido,SOLUSDT,189.344,199.619,5.706,4.39,-10.275,45.505,-1.413,0.381,-1.566,-1.04,Subindo,-0.441,Subindo,30.0,0.0,-3.95629,-3.60802,-0.34828,-0.61,False,False
Vendido,SOLUSDT,189.441,199.636,5.675,4.389,-10.195,50.774,-1.414,0.381,-1.12,-0.943,Subindo,-0.424,Subindo,9.341,0.0,-4.02088,-3.61976,-0.40112,-0.551,False,False
Vendido,SOLUSDT,189.269,199.606,5.732,4.391,-10.337,42.099,-1.464,0.381,-1.023,-1.116,Descendo,-0.454,Descendo,0.0,18.333,-4.19588,-3.65158,-0.5443,-0.391,False,False
Vendido,SOLUSDT,189.211,199.596,5.752,4.391,-10.385,39.848,-1.461,0.381,-1.196,-1.173,Descendo,-0.464,Descendo,0.0,5.122,-4.20838,-3.65385,-0.55453,-0.379,False,False
Vendido,SOLUSDT,189.063,199.57,5.808,4.392,-10.507,34.984,-1.521,0.381,-1.253,-1.321,Descendo,-0.49,Descendo,0.0,12.667,-4.42088,-3.69249,-0.72839,-0.185,False,False
Vendido,SOLUSDT,188.956,199.551,5.85,4.394,-10.596,32.154,-1.546,0.381,-1.401,-1.429,Descendo,-0.509,Descendo,0.0,8.108,-4.55421,-3.71673,-0.83748,-0.063,False,False
Vendido,SOLUSDT,189.023,199.563,5.823,4.393,-10.54,33.871,-1.539,0.381,-1.509,-1.361,Subindo,-0.497,Subindo,4.7,0.0,-4.52504,-3.71143,-0.81362,-0.089,False,False
Vendido,SOLUSDT,189.089,199.574,5.798,4.392,-10.486,35.739,-1.512,0.381,-1.441,-1.296,Subindo,-0.486,Subindo,4.827,0.0,-4.40629,-3.68983,-0.71646,-0.198,False,False
Vendido,SOLUSDT,189.184,199.591,5.762,4.391,-10.407,38.861,-1.463,0.381,-1.376,-1.2,Subindo,-0.469,Subindo,7.387,0.0,-4.14588,-3.64249,-0.50339,-0.437,False,False
Vendido,SOLUSDT,189.05,199.218,5.712,4.48,-10.168,68.309,-1.229,0.378,-0.879,-0.141,Subindo,-0.374,Subindo,82.29,0.0,-2.90543,-3.51901,0.61358,-2.093,True,False
Comprado,SOLUSDT,189.213,199.247,5.681,4.479,-10.034,71.623,-1.179,0.378,-0.221,0.021,Subindo,-0.346,Subindo,115.152,0.0,-2.67835,-3.47773,0.79937,-2.424,True,False
Comprado,SOLUSDT,189.397,199.279,5.653,4.478,-9.882,74.626,-1.118,0.378,-0.059,0.206,Subindo,-0.314,Subindo,860.0,0.0,-2.42002,-3.43076,1.01074,-2.801,True,False
Comprado,SOLUSDT,189.447,199.288,5.646,4.478,-9.841,75.334,-1.092,0.378,0.126,0.256,Subindo,-0.305,Subindo,24.306,0.0,-2.33043,-3.41447,1.08403,-2.931,True,False
Comprado,SOLUSDT,189.366,199.274,5.657,4.478,-9.908,74.16,-1.152,0.378,0.176,0.174,Descendo,-0.319,Descendo,0.0,31.844,-2.5971,-3.46295,0.86585,-2.542,True,False
Comprado,SOLUSDT,189.589,199.312,5.631,4.478,-9.724,77.139,-1.051,0.378,0.094,0.397,Subindo,-0.28,Subindo,127.869,0.0,-2.15752,-3.38303,1.22551,-3.183,True,False
Comprado,SOLUSDT,189.54,199.304,5.636,4.478,-9.764,76.55,-1.076,0.378,0.317,0.349,Descendo,-0.288,Descendo,0.0,12.23,-2.23043,-3.39629,1.16585,-3.077,True,False
Vendido,SOLUSDT,189.663,199.326,5.625,4.478,-9.663,77.985,-1.02,0.378,0.269,0.471,Subindo,-0.267,Subindo,35.246,0.0,-1.98043,-3.35083,1.3704,-3.441,True,False
Comprado,SOLUSDT,189.487,199.295,5.642,4.478,-9.808,75.873,-1.108,0.378,0.391,0.296,Descendo,-0.298,Descendo,0.0,37.273,-2.34293,-3.41674,1.07381,-2.913,True,False
Vendido,SOLUSDT,189.964,199.043,5.588,4.559,-9.079,76.831,-0.526,0.379,0.216,0.556,Subindo,-0.238,Subindo,87.923,0.0,-1.20141,-3.02573,1.82432,0.808,False,False
Vendido,SOLUSDT,189.959,199.042,5.589,4.559,-9.083,76.726,-0.528,0.379,0.476,0.55,Descendo,-0.239,Descendo,0.0,1.028,-1.16391,-3.01891,1.855,0.838,False,False
Vendido,SOLUSDT,190.074,199.062,5.578,4.558,-8.988,78.676,-0.489,0.379,0.47,0.666,Subindo,-0.219,Subindo,21.039,0.0,-1.01807,-2.9924,1.97432,0.957,False,False
Vendido,SOLUSDT,190.049,199.058,5.58,4.558,-9.009,78.271,-0.491,0.379,0.586,0.64,Descendo,-0.223,Descendo,0.0,3.863,-1.02432,-2.99353,1.96921,0.952,False,False
Vendido,SOLUSDT,190.203,199.085,5.57,4.558,-8.882,80.491,-0.444,0.379,0.56,0.794,Subindo,-0.196,Subindo,24.107,0.0,-0.80766,-2.95414,2.14648,1.127,False,False
Vendido,SOLUSDT,190.281,199.098,5.567,4.558,-8.817,81.456,-0.419,0.379,0.714,0.873,Subindo,-0.183,Subindo,9.892,0.0,-0.62849,-2.92156,2.29307,1.273,False,False
Vendido,SOLUSDT,190.116,199.07,5.575,4.558,-8.954,79.297,-0.461,0.379,0.793,0.707,Descendo,-0.212,Descendo,0.0,18.985,-0.88891,-2.96891,2.08,1.061,False,False
Vendido,SOLUSDT,190.1,199.067,5.576,4.558,-8.967,79.065,-0.478,0.379,0.627,0.691,Descendo,-0.214,Descendo,0.0,2.222,-0.95974,-2.98179,2.02205,1.004,False,False
Vendido,SOLUSDT,190.057,199.059,5.579,4.558,-9.002,78.408,-0.482,0.379,0.611,0.649,Descendo,-0.222,Descendo,0.0,6.198,-0.96599,-2.98293,2.01694,0.999,False,False
Vendido,SOLUSDT,190.023,199.053,5.582,4.558,-9.03,77.851,-0.5,0.379,0.569,0.614,Descendo,-0.228,Descendo,0.0,5.286,-1.05141,-2.99846,1.94705,0.93,False,False
Vendido,SOLUSDT,189.979,199.046,5.587,4.558,-9.067,77.088,-0.514,0.379,0.534,0.57,Descendo,-0.236,Descendo,0.0,7.209,-1.10974,-3.00906,1.89932,0.882,False,False
Vendido,SOLUSDT,189.833,199.02,5.603,4.559,-9.187,73.007,-0.553,0.379,0.49,0.424,Descendo,-0.261,Descendo,0.0,25.564,-1.27641,-3.03937,1.76296,0.747,False,False
Vendido,SOLUSDT,191.273,198.787,5.571,4.633,-7.514,67.764,0.317,0.38,0.344,1.391,Subindo,-0.241,Subindo,227.946,0.0,-0.63381,-2.59734,1.96353,0.098,False,False
Comprado,SOLUSDT,191.213,198.777,5.58,4.633,-7.564,63.436,0.31,0.38,1.311,1.331,Descendo,-0.252,Descendo,0.0,4.312,-0.63798,-2.5981,1.96013,0.096,False,False
Vendido,SOLUSDT,191.18,198.771,5.584,4.633,-7.591,61.293,0.277,0.38,1.251,1.299,Descendo,-0.257,Descendo,0.0,2.468,-0.76923,-2.62196,1.85274,0.036,False,False
Vendido,SOLUSDT,191.211,198.776,5.58,4.633,-7.565,63.34,0.297,0.38,1.219,1.33,Subindo,-0.252,Subindo,2.42,0.0,-0.74631,-2.6178,1.87149,0.046,False,False
Vendido,SOLUSDT,191.139,198.764,5.591,4.633,-7.625,58.788,0.273,0.38,1.25,1.257,Descendo,-0.265,Descendo,0.0,5.478,-0.80673,-2.62878,1.82206,0.019,False,False
Vendido,SOLUSDT,191.159,198.767,5.588,4.633,-7.609,59.971,0.277,0.38,1.177,1.277,Subindo,-0.261,Subindo,1.591,0.0,-0.81506,-2.6303,1.81524,0.015,False,False
Vendido,SOLUSDT,191.106,198.758,5.596,4.633,-7.652,56.943,0.261,0.38,1.197,1.224,Descendo,-0.27,Descendo,0.0,4.139,-0.87339,-2.6409,1.76751,-0.012,False,False
Vendido,SOLUSDT,191.161,198.768,5.587,4.633,-7.606,60.144,0.295,0.38,1.144,1.28,Subindo,-0.261,Subindo,4.551,0.0,-0.68798,-2.60719,1.91922,0.073,False,False
Vendido,SOLUSDT,191.167,198.769,5.586,4.633,-7.602,60.493,0.283,0.38,1.2,1.286,Subindo,-0.26,Subindo,0.446,0.0,-0.75256,-2.61893,1.86638,0.044,False,False
Vendido,SOLUSDT,191.17,198.769,5.586,4.633,-7.599,60.669,0.291,0.38,1.206,1.289,Subindo,-0.259,Subindo,0.222,0.0,-0.75673,-2.61969,1.86297,0.042,False,False
